drive_id,name,path,md5,modified_time,size,timestamp,action
1eQky20Ptq3ki17yRbn7brTUhdRHUViQ2,F_29.SLDPRT,F_29.SLDPRT,e3693fef2808be916949c4770eadebd0,1771191876.0,92766,1771342110,download_unknown
1FVgl3WgrsnhU6IemojhGEsyPY6X48x0G,Dummy_Shaft_29.SLDPRT,Dummy_Shaft_29.SLDPRT,8ee0878fa4ed9e84f23cc1f986cc21e9,1770696426.0,66313,1771342110,download_unknown
1oOCUQkk8MYzNQVOiN66CxXKziOYVIoUk,A_29.SLDPRT,A_29.SLDPRT,7876042413582fc1719cb161638c655f,1771191869.0,96735,1771342110,download_unknown
1wk3iJZF5_INdT_LB_Qcj24RwDQ29T7s8,B_29.SLDPRT,B_29.SLDPRT,d98770991a6e4d0ba5b3c311449c67b2,1771191870.0,118896,1771342110,download_unknown
1f4j_Di5mhx8jPPUfB3RNaWIptW8ph9i_,Chassis.SLDPRT,Chassis.SLDPRT,6017184740879861e9dd8b1bc5f0cf6f,1771190324.0,98911,1771342110,download_unknown
14FFhA-c8_YX9sK112t7uPlItNWKNMqny,CDE_29.SLDPRT,CDE_29.SLDPRT,0b4fe1cad9e23b76de9f5a0e007b4fed,1771194104.0,147405,1771342110,download_unknown
1NXSCOPsY6nttxPMaX8UerWAYXRvaMzYZ,DriverLink_29.SLDPRT,DriverLink_29.SLDPRT,a2519fb00765afd93d9ba085341ba7a5,1771191874.0,122001,1771342110,download_unknown
16kc0D3rdoK9spRZVohyifap3Mh0GcQLc,Chassis_Assy.SLDASM,Chassis_Assy.SLDASM,0aefae13adbe25cae945c4413339d2a4,1771190326.0,201949,1771342110,download_unknown
1-hLge54IkFAyEPGU3IXQ7TY8eWQK8Tgm,G_29.SLDPRT,G_29.SLDPRT,b0a35ff394e4d2a3d5cfc7ea95923bf7,1771191878.0,110169,1771342111,download_unknown
1O9KUH5UcPGI6U3-ueavxrHWtBth-JxA_,Shaft.SLDPRT,Shaft.SLDPRT,cc0dd0b34e9fc36f84bf6b30d2485f02,1771190338.0,68640,1771342112,download_unknown
1thrnqVHSVaDHlCqd9hO0C_6te3vu00w2,Leg_Master_29.SLDPRT,Leg_Master_29.SLDPRT,c6946d49dbe06f77e1e141afc06ac08f,1771191883.0,260720,1771342112,download_unknown
1m_HqTcC26wZe3bQfNvbWDVy9N-SyWMDv,HIJ_29.SLDPRT,HIJ_29.SLDPRT,68e02a4d8e3b73a4d21263db8b8b2a93,1771194106.0,117724,1771342112,download_unknown
1-bupzCPtWr3DBJyracrP7GS7I75iNdHC,Leg_Assy_29.SLDASM,Leg_Assy_29.SLDASM,ecb909a0f68d97d5ab3ebf8e09d9e99b,1771191882.0,2297779,1771342112,download_unknown
1MTPhyca2OGIhPYhYAoRWC_KOLrY_Bh50,Crankshaft_B.PNG,Crankshaft_B.PNG,2c14e0e70c1db84e187e26fd8da5b971,1771292494.8080547,11929,1771342125,upload_new
1d3DCFPA_jM8DpEVAXPKmNU1iVU6oW_aS,Crankshaft_B.SLDPRT,Crankshaft_B.SLDPRT,7e7887aebca27c6254d4a9199fd091ce,1771339533.3196652,129964,1771342125,upload_new
1JoyXe4Xgmk7X_yKsM96cfYfEZp-E85pR,Crankshaft_B.SLDDRW,Crankshaft_B.SLDDRW,9a17c8dc4c623189a10f4453aa403dfc,1771292316.3219764,106750,1771342125,upload_new
1d3DCFPA_jM8DpEVAXPKmNU1iVU6oW_aS,Crankshaft_B.SLDPRT,Crankshaft_B.SLDPRT,e956a1ac70824f6dae1133281d1dacde,1771347267.3857584,125914,1771347796,upload_revision
1xeorGgk-QvOupvH_dl56Qo4Wdv0ajzXD,Crankshaft_EndPlate.SLDPRT,Crankshaft_EndPlate.SLDPRT,5d7b1a0e86f89423e65e55ad6fc933da,1771345029.94718,90434,1771347796,upload_new
1MbQuI0ItLJ5TyPb17bautsvil-n17UuA,Crankshaft_A.SLDPRT,Crankshaft_A.SLDPRT,4c28be25c657dcb38a7c79d263b649b9,1771345043.2605412,114767,1771347796,upload_new
1f4j_Di5mhx8jPPUfB3RNaWIptW8ph9i_,Chassis.SLDPRT,Chassis.SLDPRT,6645e2de219b21e6a51f26e51d44727c,1771346424.0786817,134785,1771347797,upload_revision
1_G_SjdhAyHrx9tuyq1-BiTuKcx1Vr9Ms,Chassis_Assy_V2.SLDASM,Chassis_Assy_V2.SLDASM,2e363729212a976c47c9ee5a2ca9b2b2,1771347645.8316572,285524,1771347797,upload_new
16kc0D3rdoK9spRZVohyifap3Mh0GcQLc,Chassis_Assy.SLDASM,Chassis_Assy.SLDASM,9455db274064a86c67ff787961808643,1771342703.6294842,307274,1771347797,upload_revision
12wVyf4peAMw4nndbVrIh33JM9wOpA3uE,Crankshaft_Assy.SLDASM,Crankshaft_Assy.SLDASM,84cdaaf8082d051196e6cf9e5dc7257a,1771347436.04542,343392,1771347797,upload_new
13C9rB-0Lpp0Z844SqeBkVTNM3OZAkwnZ,A_29.SLDDRW,A_29.SLDDRW,ce9c7f6b6e2ff959f18ffa3bd88f39a5,1771186176.0,106327,1771347804,download_unknown
1JDTdeo1-OZtxdgxOmYDlBhb2u3KdYQyx,CDE_29.SLDPRT,GroupHW1_Group10\CDE_29.SLDPRT,c0f17214f2844394c80225bc6e4e99de,1771348321.0,146212,1771378152,download_new
1Ee7L7znMPN3habgM5FSWCqnRxxSGTA-d,B_29.SLDPRT,GroupHW1_Group10\B_29.SLDPRT,9c598f9a7ce415527166f2be082d559e,1771348319.0,118346,1771378152,download_new
1oPsbXBfBJVyMf43AADhFAzBJoEOX-wYS,Chassis.SLDPRT,GroupHW1_Group10\Chassis.SLDPRT,6017184740879861e9dd8b1bc5f0cf6f,1771348322.0,98911,1771378152,download_new
1uRCw0rrioq-auAPnpLMw06akidumRLwB,A_29.SLDPRT,GroupHW1_Group10\A_29.SLDPRT,9f10feef1bf58b5a59ac13a44da6f2c9,1771348318.0,95190,1771378152,download_new
1SJR-7nChKzzFas1aIHtKXCpQu-MAGsyG,Four_Legs.png,Four_Legs.png,a05948bdd012b75eba8ba29502215e28,1771348306.0,187327,1771378152,download_new
1zx2Vo6J4C12KIAcVtwlgwr6l6PqanR7h,90323A438_18-8 Stainless Steel Low-Profile Precision Shoulder Screw.SLDPRT,90323A438_18-8 Stainless Steel Low-Profile Precision Shoulder Screw.SLDPRT,62ef99021d6dc352ca6bb5e9f3159177,1771348305.0,486158,1771378152,download_new
1VcH7s-Dq1TPLXsASLcukzl1KPeJK7j6l,90323A438_18-8 Stainless Steel Low-Profile Precision Shoulder Screw.SLDPRT,GroupHW1_Group10\90323A438_18-8 Stainless Steel Low-Profile Precision Shoulder Screw.SLDPRT,62ef99021d6dc352ca6bb5e9f3159177,1771348317.0,486158,1771378152,download_new
1WuiijuDUUqpz8gzkfbKwq5bcIv80K0J-,GroupHW1_Group10.zip,GroupHW1_Group10.zip,625dd77359b6bbb0318a538c7abd5ac6,1771348313.0,5300614,1771378153,download_new
1Nml_SfK-RjepzFMm4xlOtJise0cEzMhe,Dummy_Shaft_29.SLDPRT,GroupHW1_Group10\Dummy_Shaft_29.SLDPRT,1d670cdc7a82e2c462a90fff160d2675,1771348326.0,67021,1771378155,download_new
1ud0KhPeyw0pYhIuhuu69fA_a_pGxU8Aw,DriverLink_29.SLDPRT,GroupHW1_Group10\DriverLink_29.SLDPRT,5d9a1c12d07033a161fb207f45c494cd,1771348325.0,122151,1771378155,download_new
1BeneDnaQ7IjjAp-Un8my7OwgEagLA7eg,CrossLink.SLDPRT,GroupHW1_Group10\CrossLink.SLDPRT,028a83a09d96f27773812144b79e264c,1771348323.0,85630,1771378155,download_new
10bwB_-uF5-h-bvL3mxui-YrnQHrxuTyg,F_29.SLDPRT,GroupHW1_Group10\F_29.SLDPRT,f445cc80506a22bf5306f3db4e9a7120,1771348327.0,92987,1771378155,download_new
1fPyKbbbqzpDxYTrTq0eXyVSF7bKlhoEq,HIJ_29.SLDPRT,GroupHW1_Group10\HIJ_29.SLDPRT,0325561b25f866ac6cee76aa3dc4295a,1771348329.0,113642,1771378155,download_new
1lN1B1qtvc9-58VOf2ejoTuGIUG6xT-mC,G_29.SLDPRT,GroupHW1_Group10\G_29.SLDPRT,1d0107f971cde763b037bca67bdffe03,1771348328.0,111302,1771378155,download_new
1fxttTLVRKHVPx9kMtedFKsUE9kbcHn63,Leg_Master_29.SLDPRT,GroupHW1_Group10\Leg_Master_29.SLDPRT,a1df4227b6a95daefd1e406c6e9c5ebb,1771348337.0,260786,1771378155,download_new
1gJGohv6Yw2xLkboL0BNDGY8_m4Yd023J,Leg_Assy_29.SLDASM,GroupHW1_Group10\Leg_Assy_29.SLDASM,2caadbe0e844c793ee7f9202aab738c1,1771348336.0,3542615,1771378156,download_new
1VKudZVJNwdJbyV6hRvJMEXPjcF13fcqM,Triangle_Support_29.SLDPRT,GroupHW1_Group10\Triangle_Support_29.SLDPRT,67cd708e8a714843c86b4c4eb570f76a,1771348339.0,81151,1771378157,download_new
1ihDqwBqgU2wTkwjq6Ur3MoYAQDhfy4Vl,Two_legs_withTrace.png,Two_legs_withTrace.png,91237eef1b630879301b9c2f063b208b,1771348315.0,80841,1771378157,download_new
1NXSCOPsY6nttxPMaX8UerWAYXRvaMzYZ,DriverLink_29.SLDPRT,DriverLink_29.SLDPRT,0e1e57d7d478b7f485beece982887dc3,1771348293.0,120243,1771378158,download_revision
14FFhA-c8_YX9sK112t7uPlItNWKNMqny,CDE_29.SLDPRT,CDE_29.SLDPRT,cfd7dcf523312816a17aee94e9ab30b8,1771348290.0,182667,1771378158,download_revision
1wk3iJZF5_INdT_LB_Qcj24RwDQ29T7s8,B_29.SLDPRT,B_29.SLDPRT,e5c8e51444f5123f1a8c10762a8debcb,1771348289.0,119150,1771378158,download_revision
1eQky20Ptq3ki17yRbn7brTUhdRHUViQ2,F_29.SLDPRT,F_29.SLDPRT,fd8bad163640c67a4ee521ff2a64e8d6,1771348294.0,93118,1771378158,download_revision
1oOCUQkk8MYzNQVOiN66CxXKziOYVIoUk,A_29.SLDPRT,A_29.SLDPRT,5a6b474a4f47ecd0dd1305c469b9787a,1771348288.0,95909,1771378158,download_revision
1-hLge54IkFAyEPGU3IXQ7TY8eWQK8Tgm,G_29.SLDPRT,G_29.SLDPRT,078713bf990e337d1c8012014d9c49bc,1771348296.0,111145,1771378159,download_revision
1m_HqTcC26wZe3bQfNvbWDVy9N-SyWMDv,HIJ_29.SLDPRT,HIJ_29.SLDPRT,5f504a80dc5017b8ec61bf6c7e305de9,1771348297.0,163766,1771378159,download_revision
1AqwVk5AjoC2RGLZ6ZMZiecSK02jNSKaN,CrossLink.SLDPRT,CrossLink.SLDPRT,c39da0da2cea3ae990fa286ed9e1a13e,1771348292.0,85637,1771378159,download_unknown
1thrnqVHSVaDHlCqd9hO0C_6te3vu00w2,Leg_Master_29.SLDPRT,Leg_Master_29.SLDPRT,0f5db54a214fc92baea61e3e6dd1eef1,1771348303.0,266005,1771378160,download_unknown
1-bupzCPtWr3DBJyracrP7GS7I75iNdHC,Leg_Assy_29.SLDASM,Leg_Assy_29.SLDASM,d96c87a662c7d07b8438afaefd501ecf,1771348302.0,3517443,1771378161,download_unknown
1d3DCFPA_jM8DpEVAXPKmNU1iVU6oW_aS,Crankshaft_B.SLDPRT,Crankshaft_B.SLDPRT,426ba81ece7ae355d5a31efcc191265f,1771608430.135041,176824,1771608742,upload_revision
1MbQuI0ItLJ5TyPb17bautsvil-n17UuA,Crankshaft_A.SLDPRT,Crankshaft_A.SLDPRT,49a0914be2f0226112b0608495680466,1771608429.81424,180501,1771608742,upload_revision
1xeorGgk-QvOupvH_dl56Qo4Wdv0ajzXD,Crankshaft_EndPlate.SLDPRT,Crankshaft_EndPlate.SLDPRT,77ecca48de93a71772812efe9b4846a7,1771608429.3760495,149813,1771608743,upload_revision
12wVyf4peAMw4nndbVrIh33JM9wOpA3uE,Crankshaft_Assy.SLDASM,Crankshaft_Assy.SLDASM,a7257ecdeba7dcb0ab02e6f31e8e50d9,1771608430.462751,347942,1771608743,upload_revision
12wVyf4peAMw4nndbVrIh33JM9wOpA3uE,Crankshaft_Assy.SLDASM,Crankshaft_Assy.SLDASM,dc7541febf5d193ff0aa5e79ebdebc0b,1771640807.363447,232744,1771640898,upload_revision
1f4j_Di5mhx8jPPUfB3RNaWIptW8ph9i_,Chassis.SLDPRT,Chassis.SLDPRT,71c624e1f7cf30c763555ef688f409a3,1771633737.9456773,134288,1771640898,upload_revision
1wk3iJZF5_INdT_LB_Qcj24RwDQ29T7s8,B_29.SLDPRT,B_29.SLDPRT,723692457634cf870268447187de600f,1771633737.50245,118307,1771640898,upload_revision
1MbQuI0ItLJ5TyPb17bautsvil-n17UuA,Crankshaft_A.SLDPRT,Crankshaft_A.SLDPRT,2a9253202be1e598204f1e5f231f98de,1771632330.4496174,187962,1771640898,upload_revision
1oOCUQkk8MYzNQVOiN66CxXKziOYVIoUk,A_29.SLDPRT,A_29.SLDPRT,e32713dd298006364b792bce8ea076fb,1771633737.7618954,96082,1771640898,upload_revision
13C9rB-0Lpp0Z844SqeBkVTNM3OZAkwnZ,A_29.SLDDRW,A_29.SLDDRW,7cdb309bd4aaaa81a473ea802f39e7c6,1771632382.4713352,107399,1771640898,upload_revision
14FFhA-c8_YX9sK112t7uPlItNWKNMqny,CDE_29.SLDPRT,CDE_29.SLDPRT,729337d550da2b79540b44ebbe1b1e7d,1771633737.2420015,180578,1771640899,upload_revision
1_G_SjdhAyHrx9tuyq1-BiTuKcx1Vr9Ms,Chassis_Assy_V2.SLDASM,Chassis_Assy_V2.SLDASM,02612823da50586e62d8134516f4a630,1771640793.915804,8582679,1771640899,upload_revision
1JoyXe4Xgmk7X_yKsM96cfYfEZp-E85pR,Crankshaft_B.SLDDRW,Crankshaft_B.SLDDRW,166446437f6d6544ef4b62f59ae4440c,1771637491.4066274,153635,1771640900,upload_revision
1d3DCFPA_jM8DpEVAXPKmNU1iVU6oW_aS,Crankshaft_B.SLDPRT,Crankshaft_B.SLDPRT,e43cc93fec63cc99fae627fe14cb36bc,1771632360.4001038,178967,1771640900,upload_revision
1xeorGgk-QvOupvH_dl56Qo4Wdv0ajzXD,Crankshaft_EndPlate.SLDPRT,Crankshaft_EndPlate.SLDPRT,f04025184d4869547fbea03033317e07,1771640698.1985722,149573,1771640900,upload_revision
1AqwVk5AjoC2RGLZ6ZMZiecSK02jNSKaN,CrossLink.SLDPRT,CrossLink.SLDPRT,b011a086a286c921eff7fd56ad180fa5,1771640807.5117378,86208,1771640900,upload_revision
1NXSCOPsY6nttxPMaX8UerWAYXRvaMzYZ,DriverLink_29.SLDPRT,DriverLink_29.SLDPRT,b412b7ab3e678ab614197b4fe5ecf207,1771640807.6356344,120715,1771640901,upload_revision
1-hLge54IkFAyEPGU3IXQ7TY8eWQK8Tgm,G_29.SLDPRT,G_29.SLDPRT,2a58c0f12e48060cac5d03b873759c1c,1771637467.2721016,111183,1771640901,upload_revision
1eQky20Ptq3ki17yRbn7brTUhdRHUViQ2,F_29.SLDPRT,F_29.SLDPRT,d2d9040793482b38a4921deddac7b392,1771637466.830713,92940,1771640901,upload_revision
1m_HqTcC26wZe3bQfNvbWDVy9N-SyWMDv,HIJ_29.SLDPRT,HIJ_29.SLDPRT,185a4cc4f550415b75483820cf415ba0,1771637467.0586255,160470,1771640901,upload_revision
1O9KUH5UcPGI6U3-ueavxrHWtBth-JxA_,Shaft.SLDPRT,Shaft.SLDPRT,3079665fd9b74a78466e0cfbaf56614c,1771640166.3614283,74535,1771640901,upload_revision
1-bupzCPtWr3DBJyracrP7GS7I75iNdHC,Leg_Assy_29.SLDASM,Leg_Assy_29.SLDASM,dee10f41b0b7a92331c885a862e3eed7,1771640811.0342138,3567234,1771640902,upload_revision
1thrnqVHSVaDHlCqd9hO0C_6te3vu00w2,Leg_Master_29.SLDPRT,Leg_Master_29.SLDPRT,eb3fa9dd6699daa85ac1e6961f8017ee,1771633502.9049447,282241,1771640902,upload_revision
1vixNXFWWRpQThHeTmgE8tdlE9ani5FpT,Leg Displacements.xlsx,Leg Displacements.xlsx,1e3170e9995f396b4e410755affd5d21,1772400108.0,33462,1772400189,upload_new
1v8wbRWRWuU2N5Y_Q7huCYcX889j7cXjy,90358A005_Ultra-Low-Profile Socket Head Screw.SLDPRT,90358A005_Ultra-Low-Profile Socket Head Screw.SLDPRT,314ff2043fc00bdf8be396b9962ca664,1772242771.2115822,494258,1772400189,upload_new
1f4j_Di5mhx8jPPUfB3RNaWIptW8ph9i_,Chassis.SLDPRT,Chassis.SLDPRT,dce3cd68026192eb17872a698d581a93,1772397950.983287,103640,1772400189,upload_revision
1I7zbc1aknWYAhME26Z1JSCW8C1tS9K2R,92463A867_316 Stainless Steel Binding Barrel.SLDPRT,92463A867_316 Stainless Steel Binding Barrel.SLDPRT,1b486fd7aaeace84fe63c5c61715b555,1772243318.2657719,600794,1772400190,upload_new
13C9rB-0Lpp0Z844SqeBkVTNM3OZAkwnZ,A_29.SLDDRW,A_29.SLDDRW,d5346f3ab79b668f92a64d777fcc049a,1772397441.1878428,108555,1772400190,upload_revision
14FFhA-c8_YX9sK112t7uPlItNWKNMqny,CDE_29.SLDPRT,CDE_29.SLDPRT,bc1523e9775e39699fcbd047aa9f463b,1772399369.5666358,191109,1772400190,upload_revision
1wk3iJZF5_INdT_LB_Qcj24RwDQ29T7s8,B_29.SLDPRT,B_29.SLDPRT,fd426fb57661e544ae99740c8e1c1230,1772399369.8182092,121930,1772400190,upload_revision
1oOCUQkk8MYzNQVOiN66CxXKziOYVIoUk,A_29.SLDPRT,A_29.SLDPRT,9c17b5cdf81ed99649a1184f1d3d4fb4,1772399370.8375509,96847,1772400190,upload_revision
1d3DCFPA_jM8DpEVAXPKmNU1iVU6oW_aS,Crankshaft_B.SLDPRT,Crankshaft_B.SLDPRT,d098394fe115f7cb31f2303055d03c88,1772397176.4571614,188848,1772400192,upload_revision
1O9KUH5UcPGI6U3-ueavxrHWtBth-JxA_,Shaft.SLDPRT,Shaft.SLDPRT,007135eab4940beb1428fb9c50c133e0,1772397923.3145854,75632,1772400192,upload_revision
1m_HqTcC26wZe3bQfNvbWDVy9N-SyWMDv,HIJ_29.SLDPRT,HIJ_29.SLDPRT,e6e5d22ae16c26bcd0fcd51b84effb17,1772399370.0686605,163292,1772400192,upload_revision
1eQky20Ptq3ki17yRbn7brTUhdRHUViQ2,F_29.SLDPRT,F_29.SLDPRT,513dbd8b0a4e7087a47a3fbba7bf9900,1772399370.579529,90208,1772400192,upload_revision
1_G_SjdhAyHrx9tuyq1-BiTuKcx1Vr9Ms,Chassis_Assy_V2.SLDASM,Chassis_Assy_V2.SLDASM,ebc4a36df0ce3cb4a54c91056e52bc70,1772400145.2206943,7894128,1772400192,upload_revision
1-hLge54IkFAyEPGU3IXQ7TY8eWQK8Tgm,G_29.SLDPRT,G_29.SLDPRT,c71810af1e365c958e02dfe768454a2c,1772399370.3205874,109402,1772400192,upload_revision
1thrnqVHSVaDHlCqd9hO0C_6te3vu00w2,Leg_Master_29.SLDPRT,Leg_Master_29.SLDPRT,d2af174c1bf829561d05e8b90d3a3a92,1772397888.9254434,282734,1772400192,upload_revision
1C_AIRHnDXi2U87FDMqLNPI4qggSpeETX,B_29.SLDDRW,B_29.SLDDRW,34aa9b162fc4b187849d21de32d774ca,1772397631.638884,113352,1772400193,upload_unknown
1vixNXFWWRpQThHeTmgE8tdlE9ani5FpT,Leg Displacements.xlsx,Leg Displacements.xlsx,9aa0089b1a5e6286dc057e40aaedbd29,1772405867.0,77690,1772420083,upload_revision
1_G_SjdhAyHrx9tuyq1-BiTuKcx1Vr9Ms,Chassis_Assy_V2.SLDASM,Chassis_Assy_V2.SLDASM,d30f4fe6cf6ace5e8871f344c46def64,1772409650.5184314,7936132,1772420085,upload_revision
14e7jVviA49zSsHnpagdA2txERsbI_EgA,leg3.txt,leg3.txt,9751f96db7abbbeb5defae5b88bf321b,1772501033.936014,1200,1772501145,upload_new
1WXyRnRerRg8xJ2garoOaVeGpVv74IVbP,leg4.txt,leg4.txt,1d2ad5f56b8b8e94c80b57a2c88c85a4,1772501033.9528549,1198,1772501145,upload_new
1mj0Qj1tmTvs_JRlClm9mLmjsJ2CYLfRh,leg1.txt,leg1.txt,45686ee14d3236a20a768a695d177a4c,1772501033.9027188,1202,1772501145,upload_new
1tohLYLislWWhTS2b2u8MaTU30aoHHHqP,leg2.txt,leg2.txt,8d9f36102cc8a34445ebb0be6f5d604d,1772501033.9287958,1202,1772501145,upload_new
1-A1irX6223iR65RjVsq4JbxTzN03wpUq,assembly_fcn.m,assembly_fcn.m,81bfa102feb36de305245433d0e5d7bd,1772501033.706642,376,1772501145,upload_new
1LWfvvCV0QrzsdqycsJ6q6VeEH81IJxBt,assembly_fcn.asv,assembly_fcn.asv,ed03d1b01095566a20024b13ddb569d7,1772499988.8659282,363,1772501145,upload_new
1q6r_zNNAc1Z_ikgg3V7lO6vHOwPcVD2a,Leg_Forces.csv,Leg_Forces.csv,610823ca40bb931f79fc2dc7ee12f4d9,1772488794.577099,2734,1772501145,upload_new
1JXVfP10fHTasRQUyiUaAc3GrHf4-fPL7,Leg Displacements_temp.xlsx,Leg Displacements_temp.xlsx,78b12335fbf7e2b24ad102719e1d02f9,1772500793.3743587,19931,1772501145,upload_new
1vixNXFWWRpQThHeTmgE8tdlE9ani5FpT,Leg Displacements.xlsx,Leg Displacements.xlsx,1df823973f482fa86ad13530d7bbc5e0,1772488446.0,76896,1772501147,upload_revision
1waA6celITvfwB_8XWZ8kypioH7_JvKFi,Motor.SLDPRT,Motor.SLDPRT,bbcc75a92443a7f9643ff24040b28562,1772471894.8025932,79377,1772501147,upload_new
1oOCUQkk8MYzNQVOiN66CxXKziOYVIoUk,A_29.SLDPRT,A_29.SLDPRT,15ab45521ccbf835b49b08af8dabd36a,1772474518.6902962,96518,1772501148,upload_revision
1_G_SjdhAyHrx9tuyq1-BiTuKcx1Vr9Ms,Chassis_Assy_V2.SLDASM,Chassis_Assy_V2.SLDASM,35453b2525c981057fc1a2c1f1da083f,1772501064.0406723,5469132,1772501148,upload_revision
1LWfvvCV0QrzsdqycsJ6q6VeEH81IJxBt,assembly_fcn.asv,assembly_fcn.asv,ed03d1b01095566a20024b13ddb569d7,,363,1772502595,delete_cloud
1q6r_zNNAc1Z_ikgg3V7lO6vHOwPcVD2a,Leg_Forces.csv,Leg_Forces.csv,610823ca40bb931f79fc2dc7ee12f4d9,,2734,1772502595,delete_cloud
14e7jVviA49zSsHnpagdA2txERsbI_EgA,leg3.txt,leg3.txt,ea1a5f77f1f53b8ab91cd92d8ece7fd1,1772502156.0244906,491,1772502596,upload_revision
1WXyRnRerRg8xJ2garoOaVeGpVv74IVbP,leg4.txt,leg4.txt,2bae8c3ec9741771e357cec8f3e082ef,1772502156.03514,495,1772502596,upload_revision
1-A1irX6223iR65RjVsq4JbxTzN03wpUq,assembly_fcn.m,assembly_fcn.m,0301c865c652e0e404a0160ef8c17362,1772502155.7761185,616,1772502597,upload_revision
1mj0Qj1tmTvs_JRlClm9mLmjsJ2CYLfRh,leg1.txt,leg1.txt,ba5359818b09858c0ccb4fb40fe7fe65,1772502156.0006888,495,1772502597,upload_revision
1tohLYLislWWhTS2b2u8MaTU30aoHHHqP,leg2.txt,leg2.txt,e846cf9decf4042944f4d67e0419dcac,1772502156.0193434,491,1772502597,upload_revision
1_G_SjdhAyHrx9tuyq1-BiTuKcx1Vr9Ms,Chassis_Assy_V2.SLDASM,Chassis_Assy_V2.SLDASM,a5ac3cf0c4054ff9fd35842bdba3dd5b,1772502558.4161966,5480528,1772502597,upload_revision
1aYmUdTMqKk1setJC2M79QD1jpVeYdjDK,A_29.SLDDRW,Drawings\A_29.SLDDRW,d5346f3ab79b668f92a64d777fcc049a,1772397441.1878428,108555,1772506161,upload_new
19pI38WMlSwmtgj0fIxXdU7GZ6b1jbDKc,Chassis_Assy_V2-RHSFM_{Motion Study 3}.gsz,Chassis_Assy_V2-RHSFM_{Motion Study 3}.gsz,bccb452646e6d853ab0b665b49815b4e,1772506145.7441962,35,1772506162,upload_new
1ePLhkpadNPOBLdBKKPgFMXWa9KR6Z8mr,B_29.SLDDRW,Drawings\B_29.SLDDRW,34aa9b162fc4b187849d21de32d774ca,1772397631.638884,113352,1772506163,upload_new
1gQMSoOSXExybTJdQkmvKPhp_rZITXua7,Crankshaft_B.SLDDRW,Drawings\Crankshaft_B.SLDDRW,166446437f6d6544ef4b62f59ae4440c,1771637491.4066274,153635,1772506165,upload_new
18cIYH8peXXNF0boGKqeRuqM3HC7f5I3S,CDE_29.SLDDRW,Drawings\CDE_29.SLDDRW,01c0f05c6ddcc75fd440391097b8e5a0,1771339900.7326555,134605,1772506165,upload_new
1OoanYu3cIt5iyl2d7TQ6SHeWzNEsfyfo,F_29.SLDDRW,Drawings\F_29.SLDDRW,61281c852c807940943056c26c874d70,1771186709.06623,105559,1772506165,upload_new
1yZCLJwZDJjBsXD0oLglRPf8yg9OMde1w,G_29.SLDDRW,Drawings\G_29.SLDDRW,b79ff60dc7fa9e8a4fc559b4e1b33430,1771186709.524633,109979,1772506165,upload_new
1lA4amyZqI4Yfao12Vz4Calk8KodGKbs1,HIJ_29.SLDDRW,Drawings\HIJ_29.SLDDRW,221b154c0fcd6213ca1db1d6a16c5e78,1771339902.9981852,124381,1772506165,upload_new
1AVeOF5zFNHR-4IOzSjjE8cOTNBbC-qIT,Crankshaft_B.PNG,Graphs\Crankshaft_B.PNG,2c14e0e70c1db84e187e26fd8da5b971,1771292494.8080547,11929,1772506165,upload_new
1_lmGAcNjclU9rFvBp_mx7nsWWU649-oG,Force_Function.png,Graphs\Force_Function.png,7df7190d9bea915324dd1503398fcca8,1772505622.720335,55246,1772506166,upload_new
19ZFP6zOaGfqg5L-r9Ho_n59iE8PDoSYt,FOur_legs.mp4,Graphs\FOur_legs.mp4,567d0b3bf6c09c3e99d46895fc0c6c77,1771339902.3763762,480868,1772506166,upload_new
15t4J5gjdmOz-E66100cYTT38s4vWOuZu,Four_Legs.png,Graphs\Four_Legs.png,a05948bdd012b75eba8ba29502215e28,1771378152.417274,187327,1772506168,upload_new
1WnOiFW5HUJjyGwitS_Q_A3_DqG1N7loY,Linear_Displacement.png,Graphs\Linear_Displacement.png,3c12b51e10302d3b797da04b5a4fb4e6,1772505576.4661927,19084,1772506168,upload_new
1zo8vf3W7O7GCojPUW8l5IkKEsCRHQaHb,Two_legs.mp4,Graphs\Two_legs.mp4,b1c29547f7b4cc1e21ad182752762a3a,1771339903.9064963,598983,1772506168,upload_new
1Mw0BEZIKDnAb51WpBzL4JKQ-euwagMf8,Motor_Torque.png,Graphs\Motor_Torque.png,59d7c12018b286ded6603b6ce192890b,1772505542.7904592,15229,1772506168,upload_new
15MPO2RtFMnHmB_dikR8MKOSj9Ibjtpnt,90323A438_18-8 Stainless Steel Low-Profile Precision Shoulder Screw.SLDPRT,Unused Parts\90323A438_18-8 Stainless Steel Low-Profile Precision Shoulder Screw.SLDPRT,62ef99021d6dc352ca6bb5e9f3159177,1771378152.5774,486158,1772506169,upload_new
17AmEIaKDPHJqYbXU3tR_MYq2pbbbAcd2,Two_legs_withTrace.png,Graphs\Two_legs_withTrace.png,91237eef1b630879301b9c2f063b208b,1771378157.4324944,80841,1772506169,upload_new
1ie84FsxMMkC6wIORo275JF6_8MP6zgnA,90358A005_Ultra-Low-Profile Socket Head Screw.SLDPRT,Unused Parts\90358A005_Ultra-Low-Profile Socket Head Screw.SLDPRT,314ff2043fc00bdf8be396b9962ca664,1772242771.2115822,494258,1772506169,upload_new
1O2jTzxl1uq10d1aCS17lyogmxaeonocS,92463A867_316 Stainless Steel Binding Barrel.SLDPRT,Unused Parts\92463A867_316 Stainless Steel Binding Barrel.SLDPRT,1b486fd7aaeace84fe63c5c61715b555,1772243318.2657719,600794,1772506170,upload_new
1CRPor84TYxWi_8u27hEMtIPTo2bvqq4W,Crankshaft_Assy.SLDASM,Unused Parts\Crankshaft_Assy.SLDASM,dc7541febf5d193ff0aa5e79ebdebc0b,1771640807.363447,232744,1772506171,upload_new
1n-3WRE1rENLGjS9hfu_4gxg-tE_38OeF,Chassis_Assy.SLDASM,Unused Parts\Chassis_Assy.SLDASM,9455db274064a86c67ff787961808643,1771342703.6294842,307274,1772506171,upload_new
1Rpwcfu6EUu04Qb2PJtbKad0UzTPCelBV,CrossLink.SLDPRT,Unused Parts\CrossLink.SLDPRT,b011a086a286c921eff7fd56ad180fa5,1771640807.5117378,86208,1772506172,upload_new
1lcSgUez7ywcmvDdNuc4CdD7fCoAz71hX,DriverLink_29.SLDPRT,Unused Parts\DriverLink_29.SLDPRT,b412b7ab3e678ab614197b4fe5ecf207,1771640807.6356344,120715,1772506172,upload_new
1-wKs23splS8ez-BMHBIESPAozqEu8Gh5,Triangle_Support_29.SLDPRT,Unused Parts\Triangle_Support_29.SLDPRT,506bbc0804a8187451fa55c60518a4a8,1771182025.4194708,81702,1772506173,upload_new
1aX64WESj9ksquG4KO4OZLxB84rx9Ibtr,Dummy_Shaft_29.SLDPRT,Unused Parts\Dummy_Shaft_29.SLDPRT,8ee0878fa4ed9e84f23cc1f986cc21e9,1771342110.495179,66313,1772506173,upload_new
1XdWgQ_ASq363msgarVGLY_8JUUI9G-pU,Leg_Assy_29.SLDASM,Unused Parts\Leg_Assy_29.SLDASM,dee10f41b0b7a92331c885a862e3eed7,1771640811.0342138,3567234,1772506173,upload_new
18Kfyy7sziybr9X0_DYYaQRAofPhvnPzX,V1_Crankshaft.SLDPRT,Unused Parts\V1_Crankshaft.SLDPRT,53a41eac7ae6777180bff42283cfebdf,1771339904.4711723,98294,1772506173,upload_new
1_G_SjdhAyHrx9tuyq1-BiTuKcx1Vr9Ms,Chassis_Assy_V2.SLDASM,Chassis_Assy_V2.SLDASM,57b5c86ae8595146d20fd78aa10a2020,1772505898.0472841,5650829,1772506175,upload_revision
1v8wbRWRWuU2N5Y_Q7huCYcX889j7cXjy,90358A005_Ultra-Low-Profile Socket Head Screw.SLDPRT,90358A005_Ultra-Low-Profile Socket Head Screw.SLDPRT,314ff2043fc00bdf8be396b9962ca664,,494258,1772506175,delete_cloud
1eQky20Ptq3ki17yRbn7brTUhdRHUViQ2,F_29.SLDPRT,F_29.SLDPRT,b21c7b54a5479e208ccda254ebee3282,1772505028.6226301,81719,1772506175,upload_revision
1I7zbc1aknWYAhME26Z1JSCW8C1tS9K2R,92463A867_316 Stainless Steel Binding Barrel.SLDPRT,92463A867_316 Stainless Steel Binding Barrel.SLDPRT,1b486fd7aaeace84fe63c5c61715b555,,600794,1772506176,delete_cloud
16kc0D3rdoK9spRZVohyifap3Mh0GcQLc,Chassis_Assy.SLDASM,Chassis_Assy.SLDASM,9455db274064a86c67ff787961808643,,307274,1772506177,delete_cloud
12wVyf4peAMw4nndbVrIh33JM9wOpA3uE,Crankshaft_Assy.SLDASM,Crankshaft_Assy.SLDASM,dc7541febf5d193ff0aa5e79ebdebc0b,,232744,1772506177,delete_cloud
1MTPhyca2OGIhPYhYAoRWC_KOLrY_Bh50,Crankshaft_B.PNG,Crankshaft_B.PNG,2c14e0e70c1db84e187e26fd8da5b971,,11929,1772506178,delete_cloud
1JoyXe4Xgmk7X_yKsM96cfYfEZp-E85pR,Crankshaft_B.SLDDRW,Crankshaft_B.SLDDRW,166446437f6d6544ef4b62f59ae4440c,,153635,1772506178,delete_cloud
14slbKLBMv28yw-M6PlgZVGZHWxTzrKxU,PerformanceLog.txt,PerformanceLog.txt,48f3e0adc1582e7b6b87b0282c957388,1772506290.659748,50,1772506631,upload_new
1iAqSmssz53ytjZvce4B_y6CCt9VllxLT,Motor Torque.xlsx,Graphs\Motor Torque.xlsx,44db7b083a85531f0c6ee1405da70bc0,1772506544.4713316,15991,1772506631,upload_new
1_G_SjdhAyHrx9tuyq1-BiTuKcx1Vr9Ms,Chassis_Assy_V2.SLDASM,Chassis_Assy_V2.SLDASM,271b30bb3d9faced9ff8cdba0c8c75f9,1772506556.3082755,5660099,1772506632,upload_revision
1xxj48OiI8jDeO2lgQD9pXxz0zSlY71Vt,Study.dat,Study.dat,089a730afe02ad44aa4c35cf18a6867b,1772506289.6685605,52,1772506633,upload_new
1AqwVk5AjoC2RGLZ6ZMZiecSK02jNSKaN,CrossLink.SLDPRT,CrossLink.SLDPRT,bdfd2199fb64be9a583ecc90ea984a4c,1772513005.0,89861,1774359529,download_new
1PjYIrLtlRN3oUBvh5HwaxT-nAmVyq8oT,CDE_29.SLDDRW,CDE_29.SLDDRW,01c0f05c6ddcc75fd440391097b8e5a0,1771194108.0,134605,1774359529,download_new
1AW05f56PxLTbx0303cJo33QF6ip9lwVK,1611-0514-0008_8mmIDbearing.SLDPRT,1611-0514-0008_8mmIDbearing.SLDPRT,83b339bf0602794f3cc013d40248e39b,1772513013.0,320117,1774359529,download_new
1o6YS82Ww5FTO087q-pkxMlOurfwm_7VV,Chassis_Base.SLDPRT,Chassis_Base.SLDPRT,55b108f507904b0094ca6856449257bc,1772513019.0,258250,1774359529,download_new
1GOCJchjaayJEw7GhNDMEG7SOe8DAg0Ih,2303-4008-0040 assembly_pinion.SLDASM,2303-4008-0040 assembly_pinion.SLDASM,4ae17f68496d9f7f500047d0a80ccce7,1772513016.0,1133641,1774359530,download_new
1L8dQITyKyL-3uAAdwSlEw6nxbyx06fCj,2302-0014-0060_48T.SLDPRT,2302-0014-0060_48T.SLDPRT,0a1b3f93cc2002b4635b3e6b30651ca6,1772513014.0,704707,1774359530,download_new
1IQY98LdH4sdvnbE8ncsfhlKsyZZB-hL7,1309-0016-4008 assembly_hub.SLDASM,1309-0016-4008 assembly_hub.SLDASM,ac6ab126094f91c55d6f16cb12af8384,1772513011.0,3079574,1774359530,download_new
1D6Kk4uBOgbR-Ry36akAL6QScIkhFlEJF,5203-2402-0019 assembly_435rpm.SLDASM,5203-2402-0019 assembly_435rpm.SLDASM,7df2197a633d3301825a59b1d5e9e4c7,1772513018.0,9090642,1774359530,download_new
1NXSCOPsY6nttxPMaX8UerWAYXRvaMzYZ,DriverLink_29.SLDPRT,DriverLink_29.SLDPRT,508a2879633b22db0b13597b19440d52,1772513007.0,234779,1774359532,download_new
1b4GrQuADw1DYr5tKGoFQ0DYHNITcRlou,G_29.SLDDRW,G_29.SLDDRW,b79ff60dc7fa9e8a4fc559b4e1b33430,1771186181.0,109979,1774359532,download_new
1_3fpVGZY1U4ibNhoGVMVlbJ3_Mv-9JYk,FOur_legs.mp4,FOur_legs.mp4,567d0b3bf6c09c3e99d46895fc0c6c77,1771191875.0,480868,1774359532,download_new
1M8rursapDoHXPIYZO4vRCU_sswBA3h7T,F_29.SLDDRW,F_29.SLDDRW,61281c852c807940943056c26c874d70,1771186179.0,105559,1774359532,download_new
1AiwSTlRrHym6qm0bBtlxjq4Izt-KNm6x,HIJ_29.SLDDRW,HIJ_29.SLDDRW,221b154c0fcd6213ca1db1d6a16c5e78,1771194110.0,124381,1774359532,download_new
1HkyoIyLaZ0ReoOlkPoyLuDp5hXBFYhxb,Leg_Assy_29-RHSFM_{Motion Study 3}-BenchMark-Solver.txt,Leg_Assy_29-RHSFM_{Motion Study 3}-BenchMark-Solver.txt,87a7402f2b89cf77806bd99af92b8bfc,1772518220.0,3109,1774359532,download_new
1RTsI5hJHli6iqu_W0uTTpDSG1ef8V_qR,Leg_Assy_29-RHSFM_{Motion Study 3}.BMC,Leg_Assy_29-RHSFM_{Motion Study 3}.BMC,6b860bf7e3b526fb213ecfc5481383ca,1772518222.0,913,1774359532,download_new
1THk2agu0jj94NLKzI5W4z76_w_BEJfcN,Leg_Assy_29-RHSFM_{Motion Study 3}.gsz,Leg_Assy_29-RHSFM_{Motion Study 3}.gsz,490397406a2cf57ef1221187be76cbf5,1772518223.0,37,1774359533,download_new
10gmoeB3iSHrWwCsN7qJDkdd_xRwDHFom,Motor_clamp.SLDPRT,Motor_clamp.SLDPRT,2823a74c937910c0f5d18039fd4166e8,1772513021.0,97145,1774359534,download_new
1OJe1O7cJgv4hwc4oSnDsAjcAqfvwLCpS,New_Chassis.SLDPRT,New_Chassis.SLDPRT,f41a986c1a1b15d724bfbb3fab70ecdc,1772513022.0,484172,1774359534,download_new
1q4uUbglbtGVguJrC9J9Ab573ZWz5YVu3,Triangle_Support_29.SLDPRT,Triangle_Support_29.SLDPRT,506bbc0804a8187451fa55c60518a4a8,1770696434.0,81702,1774359535,download_new
1l3p-9WNA0RceDybbRq2KqpHLIewNFei3,New_shaft.SLDPRT,New_shaft.SLDPRT,a13c8b223fc5ff473df58a00a595f6aa,1772513023.0,64226,1774359535,download_new
13svbfh7JpMw9sJrPq3v9snk03S7TWiG-,Two_legs.mp4,Two_legs.mp4,b1c29547f7b4cc1e21ad182752762a3a,1771191885.0,598983,1774359535,download_new
1-bupzCPtWr3DBJyracrP7GS7I75iNdHC,Leg_Assy_29.SLDASM,Leg_Assy_29.SLDASM,d77f6e3011c66e905345c3373efb96d3,1772518219.0,15509166,1774359535,download_new
1oOCUQkk8MYzNQVOiN66CxXKziOYVIoUk,A_29.SLDPRT,A_29.SLDPRT,9f21575a5888c9251de9ec1888f0616e,1772513380.0,79884,1774359536,download_revision
14FFhA-c8_YX9sK112t7uPlItNWKNMqny,CDE_29.SLDPRT,CDE_29.SLDPRT,12062773b2715e3542f04a39b6151263,1772513383.0,183688,1774359537,download_revision
1f4j_Di5mhx8jPPUfB3RNaWIptW8ph9i_,Chassis.SLDPRT,Chassis.SLDPRT,98b999415a1d8887ca9df33ab1d48f7d,1772513385.0,99039,1774359537,download_revision
1eQky20Ptq3ki17yRbn7brTUhdRHUViQ2,F_29.SLDPRT,F_29.SLDPRT,5a07436828345638111dd5fd8e0de5d8,1772512999.0,79986,1774359537,download_revision
1-hLge54IkFAyEPGU3IXQ7TY8eWQK8Tgm,G_29.SLDPRT,G_29.SLDPRT,3bebafbd73384a6b78a2fe04561d0b7f,1772513001.0,82977,1774359537,download_revision
1m_HqTcC26wZe3bQfNvbWDVy9N-SyWMDv,HIJ_29.SLDPRT,HIJ_29.SLDPRT,8ac5b3aa0928aa32f44d798198028668,1772513002.0,161742,1774359537,download_revision
1thrnqVHSVaDHlCqd9hO0C_6te3vu00w2,Leg_Master_29.SLDPRT,Leg_Master_29.SLDPRT,06fc00ddcca26f8ecc8d4df0978eb6c8,1772513004.0,268917,1774359537,download_revision
1MR4liNZRl8l_QcHjZmauvuP5YnjPNXXN,Chassis_Assy_V2-RHSFM_{Motion Study 3}.CSY,Chassis_Assy_V2-RHSFM_{Motion Study 3}.CSY,e3d0ea87f645d2d7ec7cf2b432746d3d,1772506162.0,22272,1774359539,download_unknown
1_oyppQU5-Dp-zWeOmV-kuJ_vOIEu1aky,Chassis_Assy_V2-RHSFM_{Motion Study 3}.ILC,Chassis_Assy_V2-RHSFM_{Motion Study 3}.ILC,ffdc61790b58e7dd482c4f44c0746737,1772506162.0,1536,1774359539,download_unknown
115OpikswLGmNHO2vqvBcZJDk-VXdj28G,Chassis_Assy_V2-RHSFM_{Motion Study 3}.MAS,Chassis_Assy_V2-RHSFM_{Motion Study 3}.MAS,3d2dd4c9e3f32417fd7cd1de783899c1,1772506162.0,28416,1774359539,download_unknown
1wuWCor__dzwRr09jzhuUE0RlPsmsGJJs,Chassis_Assy_V2-RHSFM_{Motion Study 3}.CWR,Chassis_Assy_V2-RHSFM_{Motion Study 3}.CWR,8fcf8a2a50afdbd1adcc8349efe4b13f,1772506164.0,11223040,1774359540,download_unknown
17T6E2Bc9bYS4XwWsgGyc_PgEOVKGtAHr,Cut-Extrude2.SLDPRT,Cut-Extrude2.SLDPRT,e3e80bb29d8928a7000080f4f5908e5b,1774469165.0,142008,1775007269,download_new
1_xaJ4YixPl6HwxpDEFIs_Okl7xoqMc0j,GroupHW3_Group10_BOM.xlsx,GroupHW3_Group10_BOM.xlsx,ccc72b8eca9bcd708fd9af6b405847cd,1774469167.0,17523,1775007270,download_new
1NXSCOPsY6nttxPMaX8UerWAYXRvaMzYZ,DriverLink_29.SLDPRT,DriverLink_29.SLDPRT,b1ec9726cb678c35e178db91bd078df0,1774469149.0,234027,1775007270,download_revision
1eQky20Ptq3ki17yRbn7brTUhdRHUViQ2,F_29.SLDPRT,F_29.SLDPRT,47e68c75bea3165e361e19bd05bcdff1,1774469151.0,79315,1775007270,download_revision
14FFhA-c8_YX9sK112t7uPlItNWKNMqny,CDE_29.SLDPRT,CDE_29.SLDPRT,14b96d657ef454ad46dc4bb875c9f0ae,1774469144.0,182142,1775007270,download_revision
1AqwVk5AjoC2RGLZ6ZMZiecSK02jNSKaN,CrossLink.SLDPRT,CrossLink.SLDPRT,2f89eb503badee4046867d5bea0e1755,1774469147.0,90115,1775007270,download_revision
1oOCUQkk8MYzNQVOiN66CxXKziOYVIoUk,A_29.SLDPRT,A_29.SLDPRT,6c0a12474e7ff0d433a9698687463d14,1774469141.0,79584,1775007270,download_revision
1o6YS82Ww5FTO087q-pkxMlOurfwm_7VV,Chassis_Base.SLDPRT,Chassis_Base.SLDPRT,1955feccd1f4f76533de8991929145a0,1774469146.0,412460,1775007270,download_revision
1-hLge54IkFAyEPGU3IXQ7TY8eWQK8Tgm,G_29.SLDPRT,G_29.SLDPRT,b86ff0a0a7b97eb71226a878d709d3cd,1774469152.0,82510,1775007272,download_revision
1m_HqTcC26wZe3bQfNvbWDVy9N-SyWMDv,HIJ_29.SLDPRT,HIJ_29.SLDPRT,e8e7e4d971412a5558ef6b80da6b31cf,1774469154.0,160074,1775007272,download_revision
10gmoeB3iSHrWwCsN7qJDkdd_xRwDHFom,Motor_clamp.SLDPRT,Motor_clamp.SLDPRT,6dbeb2244f98c0462c56f1ed6a773fef,1774469162.0,116197,1775007272,download_revision
1OJe1O7cJgv4hwc4oSnDsAjcAqfvwLCpS,New_Chassis.SLDPRT,New_Chassis.SLDPRT,944e98f512681152b7b3a3c9ce6e807c,1774469164.0,487126,1775007272,download_revision
1thrnqVHSVaDHlCqd9hO0C_6te3vu00w2,Leg_Master_29.SLDPRT,Leg_Master_29.SLDPRT,70b31b9b28bc441570d77435e33e7548,1774469160.0,267880,1775007272,download_revision
1-bupzCPtWr3DBJyracrP7GS7I75iNdHC,Leg_Assy_29.SLDASM,Leg_Assy_29.SLDASM,8db4ddabc8e1dbe2f750edafd8bf5a04,1774469159.0,14726730,1775007275,download_revision
